610,610,566,577.2,65270000,577.2
603.6,606.69,599.8,605.2,24187100,605.2
603.2,606.6,599.93,601.9,19017400,601.9
606.7,608.7,603.4,605.5,22811400,605.5
603,606.7,599.3,602.8,22143600,602.8
596.2,605.1,596.2,601.1,11851000,601.1
599,603.2,596.9,598.2,28200100,598.2
597.6,601.2,595.6,596.4,23828500,596.4
592.2,596.9,590.1,592.1,20095300,592.1
608.5,608.5,596.4,597.8,33144000,597.8
616.5,616.5,605.67,610.6,27386900,610.6
613.1,625.4,611.19,620.8,18587500,620.8
613.7,615.3,608.8,613.4,14310300,613.4
617,620.5,611.7,615.6,19903000,615.6
613.4,620.9,611.8,617.5,20982500,617.5
612.5,621.37,604.4,612.4,23815200,612.4
619.9,619.9,609.21,609.6,26651200,609.6
614,619.3,597.1,618.1,20258900,618.1
621.1,623.1,613.4,618.2,20810300,618.2
624.9,625.97,613,618,66313600,618
622.4,628.7,621.3,627.1,15445900,627.1
628,630,622.1,624.8,24472200,624.8
610.7,622,609.18,620.3,44136200,620.3
599.2,605.7,595.77,605.6,25477700,605.6
599.2,600.34,577.22,595.7,22954200,595.7
594.6,599.34,593,596.3,12892300,596.3
595.2,595.69,573.54,594,33785100,594
595.5,597.1,579.05,596.9,39475800,596.9
602.1,603.7,586.8,590.1,37012000,590.1
604.7,608.13,602.3,604.2,17723200,604.2
604.9,607.4,597.56,602.7,15509300,602.7
606.5,607,598,602,28839400,602
607,609,603.4,606.2,21764800,606.2
601.4,605.1,583.63,601,28395500,601
604.6,607,592.29,593.7,28189700,593.7
613.7,615,600.92,603.9,32086400,603.9
614.7,615.21,607.3,612,12528400,612
608.6,608.6,608.6,608.6,0,608.6
612.4,613.5,605.4,608.6,4284700,608.6
615.2,615.9,606.7,609.2,10945400,609.2
619.9,621.3,613.6,619.9,9387200,619.9
614.2,614.2,614.2,614.2,0,614.2
614.2,614.2,614.2,614.2,0,614.2
614.1,616.7,610.7,614.2,3991900,614.2
613,615.15,610.4,612.6,10230600,612.6
609.2,616.31,609.08,612,9251900,612
602.2,610.2,601.6,607.5,44733400,607.5
597.9,600.58,590.5,596.8,76803300,596.8
595.8,599.5,589.8,592.9,21566600,592.9
600.4,604.4,586.5,603.5,31103500,603.5
605.8,606.5,591.9,592.2,35705500,592.2
615.8,618.6,603.3,603.4,27898300,603.4
620.3,624,615.3,615.3,20806500,615.3
626.3,629,620.5,620.9,16271200,620.9
633,633.5,622.7,622.7,26193000,622.7
641.2,642.56,634,639.3,12590600,639.3
634,646.6,633.4,643.1,29168900,643.1
635.3,636,625.77,628,14707600,628
632.4,636.7,630.2,633,18238200,633
629,638,627.7,635.7,19909100,635.7
632.3,633.55,623.6,625,19475800,625
631.6,638.6,630.1,637,20830200,637
630.6,633.7,626.2,631.8,13880700,631.8
639.1,640.4,633.32,634,19678200,634
631.9,638,631.9,636.5,53152500,636.5
634.4,636.7,626.8,628.6,18544000,628.6
627.1,635.2,624.6,631.5,25152100,631.5
633.5,633.9,622.7,625.3,25031100,625.3
638.1,638.5,632.5,633.5,22181100,633.5
637.3,641.5,635.1,640,15812700,640
637.4,641.09,633.3,640,16367600,640
638,643,632.9,642.7,24473800,642.7
638.2,639.4,635.1,637.9,14950100,637.9
635.2,638.33,630.2,635.6,16506400,635.6
636.3,641.9,633.4,637.5,12636800,637.5
634.8,638.2,631,635.7,16268100,635.7
636.8,637.6,628.9,630,20535200,630
629.3,640.54,628.7,635.7,17682500,635.7
628,633.7,623.5,633.4,20334900,633.4
629.7,632.46,622.62,624.3,29803300,624.3
637.1,645,620.3,627.9,35751700,627.9
635,641.79,632.3,639.5,23238700,639.5
633.2,634.5,621.9,629.1,27810200,629.1
629.1,634.56,624.9,628,15756700,628
628.6,629,623.2,625.6,18564900,625.6
627.8,630.41,618,622,38415600,622
628.5,631.8,622.17,629.8,19889300,629.8
626,633.5,622.4,632.1,25784700,632.1
626.9,631.8,625.3,631.1,24916800,624.74
617.2,625.36,616.9,625.2,32440800,618.9
623,623,615.5,617.3,28676100,611.08
622.8,626.3,617.1,623.8,44789800,617.51
626.9,628.6,608.8,617.1,55117300,610.88
636.9,637.8,616.4,617,36543700,610.78
630.1,636.4,626.6,634.6,28786500,628.2
620.9,634.04,620.9,632.8,40628300,626.42
626.1,638.27,620.3,620.3,39531900,614.05
636.9,638.96,622.1,625.8,32806900,619.49
631.8,636.9,630.5,634.4,29458400,628
633.7,635.8,628.9,630.8,31622400,624.44
640.5,641.5,633.3,634,33193700,627.61
628,633.4,614.73,632.2,41977500,625.83
621.6,623.96,613.5,613.9,31208300,607.71
624.1,627.18,617.5,620.5,37391000,614.24
632.4,632.9,623,626.1,29277800,619.79
644.9,645.74,632.4,635,26013600,628.6
649.1,655.5,647.9,650.2,17837800,643.64
652,654.1,642.7,646.5,49561200,639.98
650.1,653,647.5,653,22010300,646.42
656.4,657.5,648.2,651.7,23442100,645.13
659.7,662.2,656.9,657.7,21460100,651.07
662.6,664.2,658.7,663.6,58192000,656.91
655.8,662.7,651.3,661.9,29674000,655.23
660.1,660.1,653,656.6,18231600,649.98
657.6,660.33,654.3,659.2,27291900,652.55
655.9,660.2,654.35,658.2,14506200,651.56
654.4,659.2,654,657.4,14805200,650.77
660.2,661.29,650.4,654.4,19627600,647.8
659.2,664,656.85,661,15493200,654.34
658.9,663.44,658.2,660.5,12690900,653.84
659.7,662.1,655.1,662.1,15845600,655.42
662.2,664.8,646.01,660.4,17623900,653.74
655.3,661.3,653.1,660.2,23649900,653.54
653.2,659.4,653.15,657.9,25649300,651.27
649.2,650.9,645.4,647.1,31201000,640.58
650.5,651.5,642.9,647.5,16795700,640.97
649.8,654,648.6,652,38890500,645.43
646.7,648.97,644.5,647,16170100,640.48
647.3,652.1,645.14,649.3,19258400,642.75
650.1,656.5,645.9,648.7,19950400,642.16
644.2,644.2,644.2,644.2,0,637.7
644.2,648.7,642.7,644.2,54321300,637.7
643,644.08,640.3,640.9,14048500,634.44
643.6,644.77,638.5,640.8,20028100,634.34
645.2,649.8,644.4,648.4,13489800,635.76
642.8,646.2,641.3,646,20307100,633.41
649.9,651.1,643,643.5,26955000,630.96
638.8,652.9,638.7,651.4,33626000,638.7
631.6,640.3,630.1,638.3,21566800,625.86
625.7,633.2,623.5,630.1,18756400,617.82
631.5,632.1,624.5,625.9,20705500,613.7
628.7,634.2,622.83,627.5,21942000,615.27
630.5,635.1,626.3,628.7,18268300,616.45
633.8,638.4,628.99,632.1,46201600,619.78
634.9,641.99,632.4,634,17231600,621.64
631.3,649.4,616.1,635,32860200,622.62
634.7,635.5,626.07,629.3,25110500,617.03
638.7,640,634.6,636.4,30165600,624
638.7,643.5,632.09,641.5,22210500,629
632,640.66,630.9,637.5,25484400,625.07
625.1,632.9,618.47,630.9,30017100,618.6
619,625.8,614.64,621.7,22896600,609.58
609.6,622.6,606.9,621,27304700,608.9
603.6,610.95,603.3,607.3,11720700,595.46
602,607.53,602,604.9,14273200,593.11
597.7,600.2,594.8,597.1,9981200,585.46
597.1,600.6,592.8,599.2,19524300,587.52
601.7,603.9,596.5,599.2,15811000,587.52
599.6,606.51,599.2,605.1,20339600,593.31
597.8,601.7,594.7,596.6,20216500,584.97
593.2,602.58,592.7,599.4,16969900,587.72
589.9,595.4,588.1,592.3,17213400,580.76
595.4,595.7,585,589,21115100,577.52
596.4,597.5,593.3,596.5,15276500,584.87
602.7,604.3,594.5,594.5,18407300,582.91
606,607.1,602,603.3,12103700,591.54
605.8,608.8,604.5,607.3,10736800,595.46
602.2,607.8,601.6,607.1,15257600,595.27
599.8,604.6,598,601.3,16249300,589.58
594,599.5,593.4,598.2,17960600,586.54
595.2,604.38,591.9,592.9,22495600,581.34
596.8,599.8,593.5,597,15510500,585.36
604.4,605.3,592.3,594.6,29335300,583.01
606.3,606.4,599,601.6,23366300,589.87
606.3,607.95,604.43,605.4,53003300,593.6
607.3,609.93,603.9,606.4,14722900,594.58
610.7,613.3,607.4,609.4,42795900,597.52
612.8,615.9,610.3,610.3,17216900,598.4
614.5,617,609.8,610.1,18509400,598.21
612.5,615,610.03,612.1,13950300,600.17
616.2,616.5,611.7,612,36868700,600.07
621,621.2,612,616.4,19958700,604.39
622.5,623.7,620.3,621,19141200,608.9
623,642.86,618.9,620.9,18440200,608.8
628.9,629.8,622.3,624.9,17628900,612.72
624.3,628.3,624.3,628.3,9993300,616.05
621.2,626.2,619.6,624,17457600,611.84
623.5,625.97,618.2,620.9,20786900,608.8
626.6,628.9,620.9,623,16534300,610.86
626.5,627.8,621.3,624,17581900,611.84
630.6,631.97,626,626.8,12369400,614.58
628.3,631.5,626.3,629.2,21338200,616.94
631.3,632.7,626,627.9,15151900,615.66
626.1,631.36,619.5,629.2,20912300,616.94
620.9,623.93,619.5,621.2,21272000,609.09
614.8,614.8,614.8,614.8,0,602.82
615.6,619.7,614.1,614.8,14475600,602.82
619.7,619.7,613.8,616.1,20229100,604.09
618.8,621.04,614.9,618.5,20873700,606.44
632.1,635.33,623.5,627.1,22862100,609.12
629.1,634.64,628.1,632.9,29879500,614.75
623.7,634.42,622.7,632.5,44465000,614.36
618.1,629,610.54,625,39223200,607.08
611,618.7,606,617.5,26647500,599.79
606,611.1,605.6,611,25916200,593.48
603,642.9,601.9,606.3,37665000,588.91
593.6,596.88,590.4,596,20570600,578.91
596.4,597.8,587.4,593.8,34362200,576.77
592.1,635.3,590,596.5,29166500,579.39
603.5,650.6,589.88,604.1,25837900,586.77
605.7,605.7,605.7,605.7,0,588.33
605.9,609,601.8,605.7,21343500,588.33
605.1,737,603.76,607.4,15540200,589.98
605.3,607.36,589.88,604.1,22865600,586.77
604.7,611.51,604.5,611.1,22718300,593.57
604.1,606.29,600.84,600.9,20077500,583.67
607.3,608.17,599,602.5,27922600,585.22
613.5,618.61,611.6,613,18584300,595.42
614.1,614.6,607.5,612.2,32167600,594.64
618.2,620.4,614.8,614.9,34075700,597.27
617.4,617.4,617.4,617.4,0,599.69
617.4,617.4,617.4,617.4,0,599.69
616,619.3,610.8,617.4,18301700,599.69
620.1,620.7,614.1,616.3,20701600,598.62
618.9,622.82,593.09,617.9,46673100,600.18
617.2,623.08,592.99,621.4,31079300,603.58
619.9,623.4,614.9,617.6,49527900,599.89
616.7,622.47,616.6,618.7,27259100,600.96
609.9,615,608.82,612.7,30513300,595.13
606.5,610.2,602.4,605,46210500,587.65
610,613.15,604.2,606.2,18908000,588.81
613.1,628.4,611.3,612.5,22475100,594.93
610.7,614.9,604.75,610.5,20000100,592.99
612.4,613.9,609.6,611.2,23155100,593.67
609,615.7,606.7,613,25310100,595.42
611.2,611.2,604.7,607.5,43694100,590.08
610.5,613.52,606.6,611,17927400,593.48
609,609.3,605.3,608.3,20887900,590.85
610.8,615.6,608.7,611.2,22917700,593.67
607.8,613.8,607.8,611.7,20017500,594.16
605.5,610.5,605.5,606.2,26781500,588.81
596.8,614.3,596.2,605.7,53943500,588.33
591,597.58,589.88,594.2,33696500,577.16
593.9,598.64,591.4,591.8,31386300,574.83
597.4,608.1,594.2,597.9,29512300,580.75
598.6,600.8,595.3,597,30454000,579.88
600.9,603.8,597.1,598.1,30491600,580.95
602,606.59,597.14,597.2,30346700,580.07
608.6,610,598.85,599.2,39359200,582.02
621.3,621.5,613.5,616.6,30163600,587.95
619.5,625.4,614.2,615.7,27017100,587.09
624.6,626.5,618.59,619.6,24329100,590.81
627.4,629,624.3,625.7,21122500,596.63
630.2,630.5,622.3,622.6,26913200,593.67
629.2,635.4,626,631.7,20341600,602.35
622,624.3,616.93,622.6,30465700,593.67
634.5,635.3,628.1,629.7,28006200,600.44
633.2,636.9,624.1,635.9,33224100,606.35
626.5,630.3,623.3,627.1,21951500,597.96
630.9,635.7,624.39,627,60717300,597.86
650.1,651.79,617,635.7,68493700,606.16
654.6,672.65,650.3,654.2,38628400,623.8
646.9,654.54,645.8,652.1,24925600,621.8
656.2,661.49,651.19,656.6,80537800,626.09
644.5,656.8,643,656.3,40012200,625.8
637,650.83,636.5,647.5,22432500,617.41
637.3,641.3,633.37,638,16418800,608.35
633.5,638.9,630.4,638.2,26093800,608.54
635.7,644.41,635.1,636.4,25809800,606.83
627.6,635.7,627,635.4,31215100,605.87
624,631.07,621.3,624.1,26664000,595.1
627.1,629.6,622.1,627.8,28671300,598.63
624.2,631.6,621.6,628.1,29921000,598.91
622.5,629.4,620,624.1,23800000,595.1
622.3,629.75,620,624.6,29493700,595.58
627.5,631.5,620.5,621.5,22937400,592.62
629.6,629.8,618.4,627,24961800,597.86
626.2,688,623.3,630.2,28778400,600.92
637.2,637.64,619.59,626.3,40659100,597.2
636.3,639.47,633.7,633.8,22710500,604.35
642.7,644.4,633.1,635.1,27743100,605.59
655,657.1,644.1,645.9,36279200,615.89
663.2,668.79,658.1,659,26800500,628.38
672.9,675,668.4,668.9,20035600,637.82
674.3,678.5,672.1,673.9,23491000,642.59
674.7,675.8,672.01,673,10681000,641.73
676,681.1,675.03,677.7,45479000,646.21
679.5,683.3,673.3,673.9,27261400,642.59
675.2,682.9,673.6,681,20803700,649.36
671,676.97,668.8,672.9,24298000,641.63
674.9,679.2,674,677,14762800,645.54
670.1,683,669.9,675.6,42417800,644.21
668.9,673.2,665,668.1,28911500,637.06
673.1,677.94,671.91,674.5,24154700,643.16
659.8,678.4,659.6,675.8,31453600,644.4
658.1,664.3,656.39,660,26415200,629.33
653,659.39,649.8,656.4,15846200,625.9
658.4,661.2,654.6,659.7,15180900,629.05
662.4,662.4,662.4,662.4,0,631.62
660.7,665.41,659.5,662.4,4226500,631.62
659.2,662.5,651,659.1,11212600,628.47
657,663.75,656.7,662.4,10387100,631.62
661.2,661.2,661.2,661.2,0,630.48
661.2,661.2,661.2,661.2,0,630.48
658.1,665.6,658.1,661.2,2770000,630.48
651,660.8,651,660.8,13614800,630.09
649.8,655.3,646.8,652,47445400,621.7
648,652.51,639.7,647.7,31226300,617.6
649.2,654,646.8,648.3,18285800,618.18
649.8,649.9,645.3,647,26483500,616.94
645.1,655.9,644.4,653.5,30325900,623.13
651,651.6,645.3,646.5,20248800,616.46
650.2,654.85,641.4,647.1,35044800,617.03
650,669.16,649.1,649.8,20045900,619.61
656.8,657.8,650.2,652.1,23033300,621.8
663.9,666.26,654.6,657.7,24721400,627.14
662,662.54,651.8,659.3,23158900,628.66
660.4,672.3,655.4,656.4,29812700,625.9
670.8,670.9,656.7,659.8,28185100,629.14
677.3,677.6,668.4,668.4,28754300,637.34
683.5,684.3,676.5,677.3,13421800,645.83
682.6,688.6,680.8,681.9,17249800,650.21
685.5,689.1,681.4,682,11568400,650.31
690.6,691.3,682.9,684.2,23083700,652.41
690.9,693,683.55,686.3,20872400,654.41
688,694.76,686.3,689,17835600,656.98
691.1,692.49,685.9,686.3,20427700,654.41
692.2,697,690.1,693.8,15071100,661.56
692.6,696.8,688.4,695.3,20490300,662.99
692.9,694.7,689.7,693.2,15214400,660.99
688.4,697.2,687.6,695,18469000,662.71
685.5,688.2,681.5,687,14733000,655.08
685.6,687.54,680.9,682.9,19838000,651.17
690.7,694.45,682.3,683.2,30729100,651.45
693.8,699.3,692.4,696.2,15793200,663.85
699.3,699.3,693.4,697,11537900,664.61
685.4,696.19,682.3,695.4,21023600,663.09
690.1,699,686.6,689.8,19983900,657.75
696.4,698.3,690.7,693.5,20592000,661.27
700,705.69,691.6,698,26554500,665.57
690.4,712.98,683.8,703,32706900,670.33
687,689.9,683.1,687.3,15440500,655.36
686.9,691.07,681.1,682.1,25180600,650.4
690.8,691.5,682.3,683.5,22541200,651.74
682.9,690.33,680.5,686.7,19128000,654.79
679.6,684.9,678.4,682.9,17395300,651.17
677.3,681.7,676.6,680,17418500,648.4
675.2,684.8,673.1,682.2,18504700,650.5
677.5,681.17,675,678.3,20132700,646.78
684.6,690.5,683.4,687.7,18045900,649.15
679.6,687.9,677.7,685.7,20014000,647.27
677.3,679.8,675.1,679,26254500,640.94
682.5,682.5,672.4,678,21446400,640
684.4,688.1,679.7,685.8,31288400,647.36
690.2,696,685.1,687.4,30723000,648.87
687.1,690.7,683.4,689.8,10192400,651.14
681.2,692.9,679.4,689.6,17662700,650.95
672.5,1077.62,670.9,678.3,20583100,640.28
667.3,673.72,666.8,668.8,18095300,631.31
673.8,673.8,663.5,664.5,22674400,627.25
673.9,674.2,667.52,672.4,13417800,634.71
672.4,684,671.1,677.3,17021100,639.34
668.7,678.09,666.6,669.5,14283200,631.97
672.1,673.1,662.46,667.4,19870600,629.99
671,674.33,667.93,671.1,16134000,633.48
672.6,674.32,666.4,669.4,23104600,631.88
686,687,676,677.7,15647500,639.71
684.8,685.9,677.4,682.9,15204400,644.62
686.4,690.4,679.4,684,18549500,645.66
688.6,690.21,683.6,685.7,16304700,647.27
690,694.1,682.5,686.6,17229600,648.12
695.6,697,688.9,689.2,27762600,650.57
701.5,704.5,697.1,698.9,21937700,659.73
698.4,702.4,691.1,695.5,17648400,656.52
702.3,703.5,692.69,692.9,23796300,654.06
705.8,707.2,700.9,703.2,13890400,663.79
702.1,703.3,696.5,702,11560700,662.65
699,704,695.3,701.2,16554000,661.9
703.2,704.43,692,699,23843800,659.82
703.1,712,701.62,705.9,23369200,666.33
706.9,707.4,698.7,701.1,15973000,661.8
709.5,714.8,704.6,708.3,21668400,668.6
704.2,708.79,699,707.6,31826600,667.94
695.7,696.54,683.9,691.5,15480000,652.74
693.7,695.2,685.6,687.6,17428900,649.06
687,694.84,687,687.1,16518800,648.59
687,689.8,673.3,676,22841200,638.11
684,690.54,682.6,687.3,17387800,648.78
680.2,682.61,673.6,678.3,20854800,640.28
692.4,694.7,681.8,684.8,22471300,646.42
694.7,694.7,694.7,694.7,0,655.76
692,699.8,687.6,694.7,13532700,655.76
683.8,696.4,683.6,692.5,20089900,653.69
689.4,690.7,681.47,682,19902000,643.77
699.1,704.9,696.1,704.2,16897000,658.87
710.1,711.3,700.1,701.5,12790500,656.35
711.3,711.9,704.15,709.1,22327700,663.46
716.9,721.44,706.5,711,21929600,665.24
717,720.63,711.2,715.9,13871600,669.82
718.3,720.32,709,716.9,18440900,670.76
713.8,716.41,708.9,712.1,14786800,666.27
702.2,713.21,700.4,709.8,17768600,664.11
702.6,703.5,694.4,697.6,22323000,652.7
710.7,740,699.7,700,24536900,654.94
717.1,724.64,710.2,716,27458800,669.91
754,758.5,710.4,721.7,42486400,675.25
758.2,763.26,751.2,754.7,20922500,706.12
750.2,755.69,748.5,754.2,17144700,705.66
738.8,752.6,737.9,747.8,21673200,699.67
732.8,741,731.2,736.2,14288300,688.81
734.1,737.4,724.8,728.4,14206300,681.52
737.3,746.99,728.1,731.2,11906300,684.14
734.3,735.3,727.9,733.8,15213500,686.57
735.8,739.7,729.4,733.1,14757000,685.91
739,747.84,731.4,731.4,13167000,684.32
734.9,739.06,732.7,733.7,25743300,686.48
734.5,737.8,730.6,737.5,24170700,690.03
729.9,745.3,727.8,741,18101400,693.31
730.3,735,722.5,731.2,15238200,684.14
727.9,732.8,724.3,726.2,19999000,679.46
723.5,731.2,723.3,730.6,11547300,683.57
721.4,729,720,723.1,13690400,676.56
726.9,729.5,717.4,721.2,17309200,674.78
724,728.4,718.1,721.5,12264600,675.06
722.2,727.4,718.7,725.4,14861800,678.71
712.5,722.1,711.5,717.4,15819900,671.22
715.3,726.5,710.1,712.5,24270300,666.64
687,713.5,684.7,711.4,19445800,665.61
686.4,688.2,673.5,680.9,18778400,637.07
693.9,695.9,687.3,694.8,15315300,650.08
689,698.2,681.38,694.7,16323600,649.99
686.3,688.34,679,682,24562200,638.1
680.6,687.4,673.15,682.7,27544200,638.76
669,683.1,667,677.8,22963400,634.17
664.2,673.5,661.1,670.6,40801900,627.44
663,668.7,651.1,655.6,23584100,613.4
666.8,681.2,661.53,661.6,58108500,619.02
678.9,683.7,662.9,664.5,30324500,621.73
694.2,694.4,686.5,688.7,20461400,644.37
686,701.7,681.5,696,24119800,651.2
687.8,688.6,680.9,681.5,22005600,637.64
689.9,690.1,677.46,680.1,26862500,636.33
681.9,691.6,675.67,690.4,25745800,645.96
691.9,700.71,691.4,692.1,19506700,647.55
692,693.8,680.3,693.4,25430100,648.77
701.9,709,698.2,700.2,18380400,655.13
697.3,708,688.8,708,23420500,662.43
710.6,716.3,699.2,700,17960500,654.94
723.4,726.5,713,713,22165600,667.11
726.5,734,725.6,731.9,35883800,684.79
727.8,731.96,718.3,718.3,19915700,672.07
736.5,736.6,722.3,725.9,32975100,679.18
727.7,739.3,726.2,735.9,15716200,688.53
741,741,725.5,727.6,19541700,680.77
736,750.6,736,743.1,21588700,695.27
726,726,726,726,0,679.27
734.9,752.23,725.3,726,25724300,679.27
745.3,748.04,737.16,741.8,37546900,694.05
761,772.5,757.66,767.8,36245700,718.38
765.2,766.6,755.97,765.3,19857000,709.13
761.2,770.67,755.15,769.9,36986100,713.39
748.3,758.6,747.79,758.6,17980300,702.92
752.2,757.1,746.6,749,20441100,694.02
744.1,756.8,742,754.4,27532500,699.03
741.4,747,737.86,746.4,16562100,691.62
739.7,740.5,729.1,739.6,19106000,685.31
734.4,745.7,733.1,744.8,21456800,690.13
730.1,731.9,727.1,730.5,19065700,676.88
729.3,743.88,728.3,734.5,23743400,680.59
711.3,738.1,711.3,735,33522800,681.05
713.9,713.9,713.9,713.9,0,661.5
709.3,718,707.5,713.9,16237500,661.5
704.7,713.1,701.2,711.1,15151800,658.91
701.7,713.7,701.7,707.5,8576200,655.57
705.8,708.9,701.2,703.5,28013100,651.86
699.3,703.6,695.1,703.6,12671900,651.96
694.5,699.9,690.3,699.9,32454100,648.53
698.1,699,687.9,690.5,21920800,639.82
690.6,696.1,690.3,695,17582400,643.99
678.7,689.63,676.3,688.3,18264400,637.78
685,691.5,676.6,679.2,15720800,629.35
671,680.9,669.6,679.2,24376200,629.35
671.6,675.6,661.4,663.3,19726900,614.61
681.2,681.9,668.8,671,18492400,621.75
676.3,681.1,675.43,677.6,16692900,627.86
685.4,685.9,679,681.4,18062200,631.39
688.5,690.4,682.8,688.1,17172100,637.59
690,693.8,688.3,692,17685700,641.21
683.8,694.1,682.7,691,22182200,640.28
682.2,685.2,679.8,683.9,17927500,633.7
682.2,684.46,676.1,679.7,18740200,629.81
690,692.1,675.7,681.5,21366100,631.48
701.8,705.3,693.52,694,13801800,643.06
711.4,711.4,701.2,701.5,15248300,650.01
701.5,712.2,700.4,711.2,18683600,659
702.5,702.5,702.5,702.5,0,650.94
702.5,702.5,702.5,702.5,0,650.94
697.8,708.1,695.9,702.5,21577300,650.94
702.6,702.8,693.04,697.6,22635400,646.4
703,705.2,698.1,698.5,23776600,647.23
703.8,710.32,693.5,695,21301200,643.99
703.7,716,696.6,699.8,59308100,648.44
714.7,715.6,702.3,703.8,26416400,652.14
713.3,721.5,710.21,712,25824700,659.74
721,725.9,713.1,716.4,18346000,645.29
715.1,725.5,713,720.2,23103200,648.71
734,737.02,720.1,720.1,64550800,648.62
733,741.2,731.1,740,22230800,666.54
725.7,727.8,717.5,726.6,15911200,654.47
733.9,738.8,729.4,729.4,21394000,656.99
734.8,736,731.33,734.7,19648000,661.77
730.2,738.8,728.6,737,25525200,663.84
716.6,725,715.4,718.2,20944700,646.91
716.4,718.29,710.6,713.6,30151800,642.76
715.5,715.6,709.3,714.3,27294000,643.39
724.1,733.4,702.53,710,40370600,639.52
727.8,732.2,719.9,728.1,22549700,655.82
730.1,739.9,712.03,731.4,34032600,658.8
717.2,726.8,715,725,21977500,653.03
715.7,719.4,710.4,713,23110900,642.22
727.7,736,724.3,729.9,22668900,657.45
716.1,725.3,716.1,721.4,14522300,649.79
724,724.7,715.4,716.4,18400200,645.29
724,735.43,722.8,732.9,18343900,660.15
721.1,730.25,719.6,728.8,17248900,656.45
727.5,728.65,723,726,6016100,653.93
724.6,731.5,721.3,726.4,16139500,654.29
730,734.63,723.1,724.2,19940200,652.31
729.1,734.15,725.4,730.9,23767100,658.35
716.5,728.97,712.6,728.9,16412000,656.54
716.6,724.98,714.8,718.3,12465500,647
707,717.2,706.4,716.7,18577100,645.56
710.8,712.3,699,700.4,21910900,630.87
711.6,714.7,705.9,713.1,12402000,642.31
700.8,712.48,700,709.4,17940200,638.98
720.2,721.6,704.4,706.1,20410100,636.01
713,720.9,712.9,719.6,24487900,648.17
719.7,724.1,716.7,716.7,31718100,645.56
721.9,727.9,720.6,724.1,19559100,652.22
716.8,720.7,713.1,720.1,16075200,648.62
714.4,722,712.4,717.1,19845400,645.92
705,712.8,703.5,710.3,20057500,639.79
695.3,706.1,693.2,704.9,17897700,634.93
694,695.9,690,695.1,22533400,626.1
694.7,695.5,690.1,693,14927200,624.21
694,695.9,690.96,695.5,14346200,626.46
689.1,696.3,688.9,693.9,29599200,625.02
684.8,691.1,683.8,691.1,18220900,622.5
677.6,684.9,675.9,683.4,23285200,615.56
673.8,680.3,672.2,679.6,22077200,612.14
677,681.3,675.8,675.8,16426500,608.72
672,677.7,669.1,677.7,20561200,610.43
670.6,676.1,668.5,673.4,17609700,606.55
662.9,672.6,662.2,669.9,15561000,603.4
662.5,664.39,659.2,659.2,19186700,593.76
669.8,673.3,665.9,666.2,14748400,600.07
660.7,668.7,660,667.6,16019700,601.33
663,664.6,660.8,662.5,10831700,596.74
656.9,667.8,655.6,665.7,18045900,599.62
646.9,646.9,646.9,646.9,0,582.68
646.3,648,644,646.9,4733700,582.68
653.9,656,646.1,651.3,10684700,586.65
654.9,659.92,651.2,652,9614400,587.28
654.9,654.9,654.9,654.9,0,589.89
654.9,654.9,654.9,654.9,0,589.89
651,656.4,649.7,654.9,4324200,589.89
645.8,650.1,641.4,649.7,37705700,585.21
650,654.3,648.15,650,24330500,585.48
641,653.9,640.9,653,24265300,588.18
639.9,642.7,638.4,640.2,16559700,576.65
639.1,641.58,635.1,641.5,15501900,577.82
645.5,647,640.3,641.6,17469900,577.91
642.3,646.6,638.8,643.4,24024200,579.53
642.1,643.9,639.7,643.8,20817600,579.89
640.5,645.67,637.2,644.8,21451100,580.79
640.3,642.3,636.8,641.2,14775600,577.55
641,643.6,637.7,643.6,22963700,579.71
640,647.2,639,643.8,23162200,579.89
640.6,644.1,630.67,644.1,35491800,580.16
632.7,637.5,632.7,636.2,18729300,573.05
632.3,640.4,632.2,635.9,16745000,572.78
631.2,640.9,624.61,637.7,34712800,574.4
625,634,624.1,631.6,13814900,568.9
620.6,623.6,616.1,622.8,14157100,560.98
621,624.01,618.2,620.9,19127500,559.27
620.8,623.3,617.9,620,15148800,558.45
623.5,628.4,621.21,625.9,10855900,563.77
619.4,623,617,622,13087400,560.26
615.5,619.5,612.8,618,22529500,556.65
610.1,615.6,605.9,614.5,35896400,553.5
605.7,619,603.2,618.3,23803000,556.92
601.1,602.4,593.3,595.8,20725300,536.66
601,607.5,600.2,601.3,17675200,541.61
604.9,610.9,602,603,15256500,543.14
600.3,608.9,599,608.6,17972700,548.19
601.3,606.8,597.8,603.8,15992300,543.86
601.4,604.85,593.2,600.9,14286300,541.25
605.3,609,601.68,602.9,16635200,543.05
619.3,623.4,607.5,607.8,40785200,547.47
619.1,621.9,611.41,621.7,25492200,559.99
626.1,626.6,609,618,25375700,556.65
623.7,629.2,619.1,626.1,17180300,563.95
612,625.5,611.8,625,24529600,562.96
611.4,617.5,608.8,608.8,17988800,548.37
609.3,613,607.8,611.6,8652700,550.89
610.5,613.93,605.6,610.9,12030800,550.26
609.3,613.6,606.6,610.4,17269000,549.81
611.2,619.3,610.9,614,23342300,553.05
609.9,614.3,607.5,610,20789000,549.45
618.1,619,610.1,612.9,19609500,546.45
615,620.31,613.8,618,13451000,546
614.6,618.5,613.5,615.3,20393200,543.62
612.7,618.9,611.55,616.9,20512100,545.03
611.5,614.77,602.17,612.7,19149200,541.32
601.8,612.3,600,611,29227700,539.82
596.5,602.3,595.4,600.3,35973500,530.36
596.7,600.9,593,595.3,19122500,525.95
590,600,589.3,597.2,18181300,527.62
590.7,594.6,582.2,589.6,13359600,520.91
597.9,599.5,589.5,591,14490700,522.15
595.1,598.27,591.59,595.8,9571100,526.39
591.8,603.7,590.6,599.8,29697600,529.92
590.5,594.2,577.55,592.8,20435800,523.74
580,590.01,578.7,587.7,20025700,519.23
584.4,589.8,579.6,580.5,14742900,512.87
574.4,591.3,574,587.5,18305900,519.05
580.1,581.93,573.3,573.3,24353500,506.51
580.7,582.8,576.9,579.5,17818500,511.99
578.5,581,568,573.7,20798000,506.86
584.1,586.5,582.2,583.8,13902700,515.79
583,585,580.2,585,13440500,516.85
588,589.3,581.7,584.2,44285800,516.14
585,588.7,580.9,587,22768200,518.61
584.5,588.9,582.4,587.8,28627100,519.32
581.1,581.6,571.4,577.9,30022500,510.57
583.2,586.7,581.5,583.2,20095100,515.26
576,586.2,573.2,584.4,43326400,516.32
567.8,568.85,561.4,568.1,20642400,501.91
564.3,574.42,562.5,569.1,30877600,502.8
562.7,566.1,561.5,564.6,18876400,498.82
560.2,565.1,558.8,563.7,17322000,498.03
558.8,564,556.8,563.5,31541400,497.85
543,557.4,542.2,555.1,26682400,490.43
539.6,544.06,538,541,19080700,477.97
548.7,551.79,542.8,544.6,15281200,481.15
546.3,552.5,546.3,551,9306300,486.81
548.2,553.9,546.3,547.1,23793900,483.36
551.5,552.3,545.5,547.9,14542100,484.07
557.2,558.7,551.7,553.7,11898700,489.19
557.4,559.4,554.1,558.4,14368300,493.34
557,557,557,557,0,492.11
556.2,557.6,551,557,13258400,492.11
562.2,564.45,557.1,559.1,13126700,493.96
562.3,565.7,558.6,559.4,14525000,494.23
563.5,570.61,562.1,567.9,13395000,501.74
566.6,571,560.6,563.1,19079900,497.5
565.5,570.9,564.4,570,18733300,503.59
561.6,566.4,560,564.8,13478600,499
562.1,566.8,553.6,562.2,16493600,496.7
568.9,571.91,566,569,11629500,497.8
565,570,560,565.7,14265900,494.92
564,570,561.9,566.8,13370500,495.88
562.9,567.8,560.5,566,52588300,495.18
557.6,563.3,555,563.3,21081900,492.82
560.1,561.2,549.1,560.7,27049600,490.54
557.4,563.8,553.1,560.3,16091100,490.19
540,563.5,539,560.5,29071200,490.37
543.2,552.8,536.7,538.7,22979300,471.29
538.8,541.6,536.8,540.6,21914800,472.96
541.8,542.3,531.1,533.9,27201700,467.09
534.5,548.03,522.1,543.1,29173300,475.14
527.1,533.78,519.4,531.1,23567500,464.65
516.4,531.7,515.3,525.7,28627100,459.92
510.8,522.72,510.8,517.6,16642300,452.83
519.5,522.88,508.6,510.6,23422300,446.71
526.4,527.5,513.1,514.6,30330900,450.21
547,549.3,531.19,533.2,42091800,466.48
549.7,551,545.4,549.4,24653400,480.66
546.7,549.3,538.4,545.7,30609600,477.42
559.7,560.2,545,547.4,26080600,478.91
556.3,558.9,553.5,556.8,12142900,487.13
555.5,562.3,553.49,560,16536800,489.93
560.5,563,552.1,555.9,22394900,486.34
563.9,570.4,562,568.7,14179400,497.54
565,570.67,562.9,566.3,16469000,495.44
565.8,567.2,558.5,561.1,16547600,490.89
567.3,572.2,564.4,565.6,16232400,494.83
568.5,571.8,562.7,566.4,20683600,495.53
566.9,570.76,560.2,567.6,12687800,496.58
568.1,574.03,567.1,570.3,18602800,498.94
559,571.69,554.87,570.1,19769500,498.77
570.5,572.44,559.8,561.1,31024400,490.89
571,571.1,548.9,558.2,36557400,488.35
563,573.3,560.7,573,15493000,501.3
561.5,564.21,557.2,559.4,19260000,489.4
563,563,554.7,558.3,21572700,488.44
556.3,565.1,553.7,562.3,16213600,491.94
562.9,566.6,558.7,559.2,27583400,489.23
561.8,567.9,560.5,565.3,46722900,494.57
549.4,562.1,547.5,560.5,40376000,490.37
555,556,543.9,546.7,24618000,478.29
549.6,558.7,546.07,546.4,73565700,478.03
544.4,547.8,541.2,545.5,24204600,477.24
538.8,545.2,538.5,545,26684400,476.81
534.2,540.8,532.5,539.1,21375100,471.64
538.4,542.5,532,533.8,22448300,467.01
528,533.4,524.9,531.4,57323300,464.91
529,539.9,526.5,535,28536500,468.06
512.5,528.7,511.8,527,28197700,461.06
503.2,503.2,503.2,503.2,0,440.24
503.2,503.2,503.2,503.2,0,440.24
511.1,514.95,501.9,503.2,19626400,440.24
507.4,510.5,501.8,509.5,30848600,445.75
509.4,509.4,501.2,503.5,20204600,440.5
513.4,516.56,508.4,514.4,19179200,450.03
517.5,518.7,508.3,510.4,10336900,446.54
517.1,519,509.3,513.9,14966600,449.6
514.4,518.1,510.9,514.8,18278100,450.38
516.1,516.3,507.5,507.5,25921100,444
518,526.22,513.7,523,22787500,457.56
510.5,515.73,508.5,513.4,21623100,449.16
515.7,520.9,506.76,509.6,41676700,445.84
537.2,537.2,518.2,520.9,31921700,455.72
538.1,541.1,533.88,534.2,27291300,467.36
548.4,551.7,542.1,547.7,28081500,473.55
548.1,548.2,540.2,545.8,25817600,471.9
547.9,555.67,544.7,554.2,18969000,479.17
551.4,558.89,545.6,556.5,25783500,481.15
552.8,556.1,540.67,551.2,23972000,476.57
550.3,574,545,548.6,35407800,474.32
555.1,555.1,555.1,555.1,0,479.94
564.3,566.51,551.5,555.1,17932200,479.94
566.1,572,560.2,563.3,18772200,487.03
566.9,570,560,561.4,24123400,485.39
554.1,566.5,554,565,7379100,488.5
561,561.3,551.69,555.1,17589900,479.94
551.7,560,549.1,559.4,18666000,483.66
554.4,558.5,545.3,552.6,20133600,477.78
555,559.3,551,554.3,19734300,479.25
547.6,553.55,541.1,553.5,18651500,478.56
552.5,552.5,541.9,545.7,17087300,471.82
555.5,559.8,553.5,555.8,17958700,480.55
554.1,559.6,552.4,554.6,18421000,479.51
554.1,556.51,549.7,552,18363800,477.26
539.1,554.1,538.54,554.1,20583000,479.08
543,548.4,540.5,541.3,15738900,468.01
548.2,549.4,541.8,543.2,21893100,469.66
542.9,551.1,535.1,548,55685400,473.81
537,547.17,535.5,540.9,24253100,467.67
547.3,552,537,537,28055900,464.29
554.5,554.5,554.5,554.5,0,479.43
554.5,554.5,554.5,554.5,0,479.43
558,559,549.4,554.5,26323900,479.43
561,565.17,553.4,556.8,35326000,481.41
557.5,564.3,555.3,558.9,28640900,483.23
553.7,558.76,544,558.7,26942900,483.06
549,557.1,547.5,554.8,28789900,479.68
558.1,561.27,547.1,547.1,28972300,473.03
564,568,560.5,561.4,17288700,485.39
566.6,571.2,564.1,564.5,22904900,488.07
560.7,562.12,555.1,561,16717100,485.05
562.8,563.4,553.1,558.3,16331700,482.71
566,567.3,560.1,563.4,14583400,487.12
567.2,571,565,567.4,15848600,490.58
572.1,573,563.5,565.3,18806500,488.76
577.1,578.1,571.5,577.8,20486100,499.57
574,582.9,572.7,580.4,49625300,501.82
576.7,577.9,570.5,574.8,32065800,496.98
571.3,580,567,575,33241200,497.15
565.6,573.4,563.4,572.4,22874700,486.54
556.2,560.54,552.29,556.1,21641700,472.69
557.1,558.8,550.9,556.9,23009200,473.37
553.5,561.69,552.5,556,15269900,472.6
553.1,554.2,549,550.7,25661800,468.1
557.7,557.8,545.4,548.4,25118900,466.14
565,565.85,557.3,558.6,19604100,474.81
567.9,572.8,565.1,569,9722000,483.65
560.2,568.44,558.2,568.3,22470900,483.06
566,570.19,553.08,555.3,34849500,472.01
560,562.35,555.5,559.3,35511100,475.41
565,578.55,547.5,553.5,73838600,470.48
580,581,572.03,574.9,15412400,488.67
577,581.8,571.4,575.4,18303000,489.09
